commit,primary_class,subject,changed_files,tests_changed_in_commit,decision,reason,required_checks
93325b7532f37a9e5ce203b271e6a327f19a1a0b,E,feat: add bounded PE and Director static inspector,caserecomp/inspector.py,,keep-technology-or-host,Servicio/formato/semantica estandar implementado; alcance limitado a lo probado.,format-or-contract-fixtures;capability-scope;private-before-after
b4d8dfa0d308917e889e5bfc620acc56d4dfd147,G,feat: add tested inspector module caserecomp/__init__.py,caserecomp/__init__.py,,keep-generic,"Corrige integridad, semantica, plataforma o limites; no repetir por juego.",synthetic-regression;private-before-after-if-runtime
c69ea0d61bd1766d2af9a04b988cc16a9ff7a8f6,G,feat: add tested inspector module caserecomp/__main__.py,caserecomp/__main__.py,,keep-generic,"Corrige integridad, semantica, plataforma o limites; no repetir por juego.",synthetic-regression;private-before-after-if-runtime
45976fe284279ea2d7ddb999d4cafce0a6342d1d,E,feat: parse Director Afterburner resources and add safe local extraction,.gitignore;README.md;caserecomp/__main__.py;caserecomp/director.py;caserecomp/verification.py;docs/REVERSE_ENGINEERING.md;docs/ROADMAP.md;tests/test_director.py,tests/test_director.py,keep-technology-or-host,Servicio/formato/semantica estandar implementado; alcance limitado a lo probado.,format-or-contract-fixtures;capability-scope;private-before-after
d93dcad11193297ce08b96ae3dd498da94a234f9,E,"feat: verified Director JPEG/MP3 pipeline, external adapters and >90% test coverage",.github/workflows/ci.yml;.github/workflows/upstream-probes.yml;.gitignore;README.md;caserecomp/__main__.py;caserecomp/backends.py;caserecomp/pipeline.py;docs/PHASE3.md;docs/ROADMAP.md;pyproject.toml;tests/__init__.py;tests/test_backends.py;tests/test_hardening.py;tests/test_pipeline.py,tests/__init__.py;tests/test_backends.py;tests/test_hardening.py;tests/test_pipeline.py,keep-technology-or-host,Servicio/formato/semantica estandar implementado; alcance limitado a lo probado.,format-or-contract-fixtures;capability-scope;private-before-after
81f75ccf943fedce58ff99e13723b62923ebc5fc,E,feat: parse Director KEY cast-owner relationships and add synthetic verification,caserecomp/relationships.py,,keep-technology-or-host,Servicio/formato/semantica estandar implementado; alcance limitado a lo probado.,format-or-contract-fixtures;capability-scope;private-before-after
af1619265dcca94751852e595ffab7b94aa16388,E,feat: attach verified KEY cast/ALFA links to manifest and request ProjectorRays Lingo script dumps,caserecomp/__main__.py;caserecomp/backends.py;caserecomp/pipeline.py;tests/test_backends.py;tests/test_pipeline.py,tests/test_backends.py;tests/test_pipeline.py,keep-technology-or-host,Servicio/formato/semantica estandar implementado; alcance limitado a lo probado.,format-or-contract-fixtures;capability-scope;private-before-after
64fccc9bb949de68fc33841fc6fb4baa3fe38729,E,"feat: validate Director ALFA and SWA conversion, cross-check Lingo, prototype Kotlin engine",README.md;android/README.md;android/engine/src/main/kotlin/org/rigorcore/caserecomp/Engine.kt;android/engine/src/test/kotlin/org/rigorcore/caserecomp/EngineSmoke.kt;caserecomp/__main__.py;caserecomp/audio.py;caserecomp/bitmap.py;caserecomp/lingo_compare.py;caserecomp/pipeline.py;docs/PHASE3B_MEDIA.md;docs/PHASE3B_RELATIONSHIPS.md;docs/ROADMAP.md;tests/test_backends.py;tests/test_lingo_compare.py;tests/test_phase3b_media.py,android/engine/src/test/kotlin/org/rigorcore/caserecomp/EngineSmoke.kt;tests/test_backends.py;tests/test_lingo_compare.py;tests/test_phase3b_media.py,keep-technology-or-host,Servicio/formato/semantica estandar implementado; alcance limitado a lo probado.,format-or-contract-fixtures;capability-scope;private-before-after
4c9f4e163fc2f9b5b2b845fa6ed4e4c11e6e5430,E,feat: index 527 Director Lscr handler spans and cross-check Lingo recovery,README.md;caserecomp/__main__.py;caserecomp/lingo_compare.py;caserecomp/lingo_index.py;docs/PHASE3B_LINGO_INDEX.md;docs/PHASE3B_MEDIA.md;docs/ROADMAP.md;tests/test_lingo_compare.py;tests/test_lingo_index.py,tests/test_lingo_compare.py;tests/test_lingo_index.py,keep-technology-or-host,Servicio/formato/semantica estandar implementado; alcance limitado a lo probado.,format-or-contract-fixtures;capability-scope;private-before-after
c30e6f4a7091562e1b6132436c5e0e9a7d7b7b73,E,feat: verify Director media fidelity and start deterministic Phase 4 engine,README.md;android/README.md;android/engine/src/main/kotlin/org/rigorcore/caserecomp/Engine.kt;android/engine/src/test/kotlin/org/rigorcore/caserecomp/EngineSmoke.kt;caserecomp/__main__.py;caserecomp/bitmap.py;caserecomp/fidelity.py;caserecomp/lingo_compare.py;caserecomp/pipeline.py;caserecomp/relationships.py;docs/PHASE3B_FIDELITY.md;docs/PHASE3B_LINGO_INDEX.md;docs/PHASE3B_MEDIA.md;docs/ROADMAP.md;tests/test_fidelity.py;tests/test_lingo_compare.py;tests/test_phase3b_media.py,android/engine/src/test/kotlin/org/rigorcore/caserecomp/EngineSmoke.kt;tests/test_fidelity.py;tests/test_lingo_compare.py;tests/test_phase3b_media.py,keep-technology-or-host,Servicio/formato/semantica estandar implementado; alcance limitado a lo probado.,format-or-contract-fixtures;capability-scope;private-before-after
e75577586af90a58b746f1ba085f1b951b9e07c3,D,"feat: add Phase 4 Score model, verified indexed BITD and scenario-v1 engine",README.md;android/README.md;android/engine/src/main/kotlin/org/rigorcore/caserecomp/Engine.kt;android/engine/src/test/kotlin/org/rigorcore/caserecomp/EngineSmoke.kt;caserecomp/__main__.py;caserecomp/bitmap.py;caserecomp/pipeline.py;caserecomp/scenario.py;caserecomp/score.py;docs/PHASE4.md;docs/ROADMAP.md;fixtures/synthetic-scenario-v1.json;pyproject.toml;schemas/scenario-v1.schema.json;tests/test_phase3b_media.py;tests/test_scenario.py;tests/test_score.py,android/engine/src/test/kotlin/org/rigorcore/caserecomp/EngineSmoke.kt;tests/test_phase3b_media.py;tests/test_scenario.py;tests/test_score.py,preserve-until-proven-migration,Mecanismo legacy o acoplamiento/prototipo; conservar como referencia hasta migracion sin regresion.,legacy-parity;rollback;source-binding;cross-game
107d0f5cbc4b2a6f12fffb2ad2eb9554e423f08e,D,feat: add verified behavior trace gate and synthetic Android shell,.github/workflows/android.yml;.gitignore;README.md;android/README.md;android/app/build.gradle.kts;android/app/src/main/AndroidManifest.xml;android/app/src/main/kotlin/org/rigorcore/caserecomp/app/AndroidPorts.kt;android/app/src/main/kotlin/org/rigorcore/caserecomp/app/GameShellView.kt;android/app/src/main/kotlin/org/rigorcore/caserecomp/app/MainActivity.kt;android/app/src/main/kotlin/org/rigorcore/caserecomp/app/SyntheticContent.kt;android/app/src/main/res/raw/synthetic_scenario_v1.json;android/app/src/test/kotlin/org/rigorcore/caserecomp/app/SyntheticShellUnitTest.kt;android/build.gradle.kts;android/engine/build.gradle.kts;android/engine/src/main/kotlin/org/rigorcore/caserecomp/Runtime.kt;android/engine/src/test/kotlin/org/rigorcore/caserecomp/EngineSmoke.kt;android/engine/src/test/kotlin/org/rigorcore/caserecomp/RuntimeSmoke.kt;android/engine/src/test/kotlin/org/rigorcore/caserecomp/RuntimeUnitTest.kt;android/gradle.properties;android/settings.gradle.kts;caserecomp/__main__.py;caserecomp/trace.py;docs/PHASE4B.md;docs/ROADMAP.md;fixtures/verified-trace-scenario-v1.json;pyproject.toml;tests/test_trace.py,android/app/src/test/kotlin/org/rigorcore/caserecomp/app/SyntheticShellUnitTest.kt;android/engine/src/test/kotlin/org/rigorcore/caserecomp/EngineSmoke.kt;android/engine/src/test/kotlin/org/rigorcore/caserecomp/RuntimeSmoke.kt;android/engine/src/test/kotlin/org/rigorcore/caserecomp/RuntimeUnitTest.kt;tests/test_trace.py,preserve-until-proven-migration,Mecanismo legacy o acoplamiento/prototipo; conservar como referencia hasta migracion sin regresion.,legacy-parity;rollback;source-binding;cross-game
f0e570a253232cb8c356cd7b45b8f2da017e006c,E,feat: add private Android content import and emulator verification,.github/workflows/android.yml;.gitignore;README.md;android/README.md;android/app/build.gradle.kts;android/app/src/androidTest/kotlin/org/rigorcore/caserecomp/app/PrivateContentInstrumentationTest.kt;android/app/src/main/kotlin/org/rigorcore/caserecomp/app/AndroidPorts.kt;android/app/src/main/kotlin/org/rigorcore/caserecomp/app/GameShellView.kt;android/app/src/main/kotlin/org/rigorcore/caserecomp/app/MainActivity.kt;android/app/src/main/kotlin/org/rigorcore/caserecomp/app/PrivateContentRepository.kt;android/app/src/main/kotlin/org/rigorcore/caserecomp/app/PrivateMedia.kt;android/app/src/main/kotlin/org/rigorcore/caserecomp/app/PrivateRuntimeObserver.kt;android/engine/src/main/kotlin/org/rigorcore/caserecomp/Json.kt;android/engine/src/main/kotlin/org/rigorcore/caserecomp/PrivateContent.kt;android/engine/src/main/kotlin/org/rigorcore/caserecomp/Runtime.kt;android/engine/src/test/kotlin/org/rigorcore/caserecomp/PrivateContentUnitTest.kt;android/engine/src/test/kotlin/org/rigorcore/caserecomp/RuntimeUnitTest.kt;caserecomp/__main__.py;caserecomp/content_bundle.py;docs/PHASE5.md;docs/ROADMAP.md;pyproject.toml;tests/test_content_bundle.py,android/app/src/androidTest/kotlin/org/rigorcore/caserecomp/app/PrivateContentInstrumentationTest.kt;android/engine/src/test/kotlin/org/rigorcore/caserecomp/PrivateContentUnitTest.kt;android/engine/src/test/kotlin/org/rigorcore/caserecomp/RuntimeUnitTest.kt;tests/test_content_bundle.py,keep-technology-or-host,Servicio/formato/semantica estandar implementado; alcance limitado a lo probado.,format-or-contract-fixtures;capability-scope;private-before-after
a02d6b548ea8db1f395a018a0f25a3d649c9c258,G,fix: avoid cross-module smart cast in Android renderer,android/app/src/main/kotlin/org/rigorcore/caserecomp/app/GameShellView.kt,,keep-generic,"Corrige integridad, semantica, plataforma o limites; no repetir por juego.",synthetic-regression;private-before-after-if-runtime
3ae366f93cdfc0a6655c9dbf64930f583eef451c,E,feat: add fail-closed Phase 6 vertical-slice evidence gate,README.md;caserecomp/__main__.py;caserecomp/vertical_slice.py;docs/PHASE6.md;docs/ROADMAP.md;pyproject.toml;tests/test_vertical_slice.py,tests/test_vertical_slice.py,keep-technology-or-host,Servicio/formato/semantica estandar implementado; alcance limitado a lo probado.,format-or-contract-fixtures;capability-scope;private-before-after
ceb17d7bd183e4b3eb0b71eda267e20784dfd30b,E,feat: enforce verified private vertical slice on Android,android/README.md;android/app/build.gradle.kts;android/app/src/androidTest/kotlin/org/rigorcore/caserecomp/app/VerifiedFlowInstrumentationTest.kt;android/app/src/main/kotlin/org/rigorcore/caserecomp/app/GameShellView.kt;android/app/src/main/kotlin/org/rigorcore/caserecomp/app/MainActivity.kt;android/app/src/main/kotlin/org/rigorcore/caserecomp/app/PrivateVerifiedFlowRepository.kt;android/engine/src/main/kotlin/org/rigorcore/caserecomp/Runtime.kt;android/engine/src/main/kotlin/org/rigorcore/caserecomp/VerifiedFlow.kt;android/engine/src/test/kotlin/org/rigorcore/caserecomp/VerifiedFlowUnitTest.kt,android/app/src/androidTest/kotlin/org/rigorcore/caserecomp/app/VerifiedFlowInstrumentationTest.kt;android/engine/src/test/kotlin/org/rigorcore/caserecomp/VerifiedFlowUnitTest.kt,keep-technology-or-host,Servicio/formato/semantica estandar implementado; alcance limitado a lo probado.,format-or-contract-fixtures;capability-scope;private-before-after
3aecc12e6c066ef0570b079a37ebcf29421ae229,E,feat: add native runtime capture consensus for Phase 6B,README.md;android/engine/src/test/kotlin/org/rigorcore/caserecomp/VerifiedFlowFidelityUnitTest.kt;caserecomp/__main__.py;caserecomp/runtime_capture.py;caserecomp/vertical_slice.py;docs/PHASE6B.md;docs/PHASE7_QA.md;docs/ROADMAP.md;pyproject.toml;tests/test_runtime_capture.py;tests/test_vertical_slice.py,android/engine/src/test/kotlin/org/rigorcore/caserecomp/VerifiedFlowFidelityUnitTest.kt;tests/test_runtime_capture.py;tests/test_vertical_slice.py,keep-technology-or-host,Servicio/formato/semantica estandar implementado; alcance limitado a lo probado.,format-or-contract-fixtures;capability-scope;private-before-after
4961524baca39ef4c1c7419097b3d518aedf3f8f,E,feat: expand Phase 7 Android lifecycle and resilience QA,.github/workflows/android.yml;android/app/build.gradle.kts;android/app/src/androidTest/kotlin/org/rigorcore/caserecomp/app/LifecycleQaInstrumentationTest.kt;android/app/src/androidTest/kotlin/org/rigorcore/caserecomp/app/PrivateContentInstrumentationTest.kt;android/app/src/androidTest/kotlin/org/rigorcore/caserecomp/app/VerifiedFlowInstrumentationTest.kt;android/app/src/main/kotlin/org/rigorcore/caserecomp/app/AndroidPorts.kt;android/app/src/main/kotlin/org/rigorcore/caserecomp/app/MainActivity.kt;android/app/src/main/kotlin/org/rigorcore/caserecomp/app/PrivateContentRepository.kt;android/app/src/main/kotlin/org/rigorcore/caserecomp/app/PrivateMedia.kt;android/app/src/main/kotlin/org/rigorcore/caserecomp/app/PrivateVerifiedFlowRepository.kt;android/engine/src/main/kotlin/org/rigorcore/caserecomp/Runtime.kt;android/engine/src/test/kotlin/org/rigorcore/caserecomp/PerformanceBudgetUnitTest.kt;android/engine/src/test/kotlin/org/rigorcore/caserecomp/RuntimeUnitTest.kt,android/app/src/androidTest/kotlin/org/rigorcore/caserecomp/app/LifecycleQaInstrumentationTest.kt;android/app/src/androidTest/kotlin/org/rigorcore/caserecomp/app/PrivateContentInstrumentationTest.kt;android/app/src/androidTest/kotlin/org/rigorcore/caserecomp/app/VerifiedFlowInstrumentationTest.kt;android/engine/src/test/kotlin/org/rigorcore/caserecomp/PerformanceBudgetUnitTest.kt;android/engine/src/test/kotlin/org/rigorcore/caserecomp/RuntimeUnitTest.kt,keep-technology-or-host,Servicio/formato/semantica estandar implementado; alcance limitado a lo probado.,format-or-contract-fixtures;capability-scope;private-before-after
864159bfba495abbe44711e14ef73c38bfadbec9,G,fix: restore Phase 7 private-content removal API,android/app/src/main/kotlin/org/rigorcore/caserecomp/app/PrivateContentRepository.kt,,keep-generic,"Corrige integridad, semantica, plataforma o limites; no repetir por juego.",synthetic-regression;private-before-after-if-runtime
a423d10066b0186a2f0e48316658e14d0567c924,G,fix: make Phase 8 process-kill and upgrade QA real,.github/workflows/android.yml;android/app/build.gradle.kts;android/engine/src/main/kotlin/org/rigorcore/caserecomp/Runtime.kt;android/engine/src/test/kotlin/org/rigorcore/caserecomp/RuntimeUnitTest.kt;docs/PHASE8.md;tools/android_external_qa.sh;tools/phase8_emulator_qa.sh;tools/phase8_evidence.py,android/engine/src/test/kotlin/org/rigorcore/caserecomp/RuntimeUnitTest.kt,keep-generic,"Corrige integridad, semantica, plataforma o limites; no repetir por juego.",synthetic-regression;private-before-after-if-runtime
52e6ffdf56294ab046dd44572e5309283a8d6d67,G,fix: restore persisted slots after Android process death,android/engine/src/main/kotlin/org/rigorcore/caserecomp/Runtime.kt;android/engine/src/test/kotlin/org/rigorcore/caserecomp/RuntimeUnitTest.kt,android/engine/src/test/kotlin/org/rigorcore/caserecomp/RuntimeUnitTest.kt,keep-generic,"Corrige integridad, semantica, plataforma o limites; no repetir por juego.",synthetic-regression;private-before-after-if-runtime
f79ab8bb6016784e02d91a4d81e9a89063cf2728,G,fix: correct Phase 8 snapshot whitespace escapes,android/engine/src/main/kotlin/org/rigorcore/caserecomp/Runtime.kt;android/engine/src/test/kotlin/org/rigorcore/caserecomp/RuntimeUnitTest.kt,android/engine/src/test/kotlin/org/rigorcore/caserecomp/RuntimeUnitTest.kt,keep-generic,"Corrige integridad, semantica, plataforma o limites; no repetir por juego.",synthetic-regression;private-before-after-if-runtime
0bf499f19e458ae62200eb1b49aec8ce63ab79a1,G,fix: harden Phase 6B native evidence chain,caserecomp/__main__.py;caserecomp/runtime_capture.py;caserecomp/vertical_slice.py;tests/test_runtime_capture.py;tests/test_vertical_slice.py,tests/test_runtime_capture.py;tests/test_vertical_slice.py,keep-generic,"Corrige integridad, semantica, plataforma o limites; no repetir por juego.",synthetic-regression;private-before-after-if-runtime
f3b3b1aa81debb21922b909105d51dae3d25d109,G,fix: enforce verified-flow v2 evidence binding,README.md;android/README.md;android/app/src/androidTest/kotlin/org/rigorcore/caserecomp/app/VerifiedFlowInstrumentationTest.kt;android/app/src/main/kotlin/org/rigorcore/caserecomp/app/MainActivity.kt;android/app/src/main/kotlin/org/rigorcore/caserecomp/app/PrivateVerifiedFlowRepository.kt;android/engine/src/main/kotlin/org/rigorcore/caserecomp/VerifiedFlow.kt;android/engine/src/test/kotlin/org/rigorcore/caserecomp/VerifiedFlowFidelityUnitTest.kt;android/engine/src/test/kotlin/org/rigorcore/caserecomp/VerifiedFlowUnitTest.kt;caserecomp/__main__.py;caserecomp/vertical_slice.py;docs/PHASE6.md;docs/PHASE6B.md;docs/ROADMAP.md;tests/test_runtime_capture.py;tests/test_vertical_slice.py,android/app/src/androidTest/kotlin/org/rigorcore/caserecomp/app/VerifiedFlowInstrumentationTest.kt;android/engine/src/test/kotlin/org/rigorcore/caserecomp/VerifiedFlowFidelityUnitTest.kt;android/engine/src/test/kotlin/org/rigorcore/caserecomp/VerifiedFlowUnitTest.kt;tests/test_runtime_capture.py;tests/test_vertical_slice.py,keep-generic,"Corrige integridad, semantica, plataforma o limites; no repetir por juego.",synthetic-regression;private-before-after-if-runtime
19ad205d5ea2b6dfefe309f2e96008cea2b89713,G,fix: bind verified-flow v2 proof payload,android/README.md;android/app/src/androidTest/kotlin/org/rigorcore/caserecomp/app/VerifiedFlowInstrumentationTest.kt;android/engine/src/main/kotlin/org/rigorcore/caserecomp/VerifiedFlow.kt;android/engine/src/test/kotlin/org/rigorcore/caserecomp/VerifiedFlowFidelityUnitTest.kt;android/engine/src/test/kotlin/org/rigorcore/caserecomp/VerifiedFlowUnitTest.kt;caserecomp/vertical_slice.py;docs/PHASE6.md;docs/PHASE6B.md;tests/test_vertical_slice.py,android/app/src/androidTest/kotlin/org/rigorcore/caserecomp/app/VerifiedFlowInstrumentationTest.kt;android/engine/src/test/kotlin/org/rigorcore/caserecomp/VerifiedFlowFidelityUnitTest.kt;android/engine/src/test/kotlin/org/rigorcore/caserecomp/VerifiedFlowUnitTest.kt;tests/test_vertical_slice.py,keep-generic,"Corrige integridad, semantica, plataforma o limites; no repetir por juego.",synthetic-regression;private-before-after-if-runtime
92f4f5faee33f3ac547dac4087728ceaf775dc2c,G,fix: canonicalize and recover verified-flow imports,android/app/src/androidTest/kotlin/org/rigorcore/caserecomp/app/VerifiedFlowInstrumentationTest.kt;android/app/src/main/kotlin/org/rigorcore/caserecomp/app/PrivateVerifiedFlowRepository.kt;docs/PHASE6B.md,android/app/src/androidTest/kotlin/org/rigorcore/caserecomp/app/VerifiedFlowInstrumentationTest.kt,keep-generic,"Corrige integridad, semantica, plataforma o limites; no repetir por juego.",synthetic-regression;private-before-after-if-runtime
4b038e67bdd84e1226f08f4d8c3c227827acacbb,G,fix: make verified-flow recovery clear-safe,android/app/src/androidTest/kotlin/org/rigorcore/caserecomp/app/VerifiedFlowInstrumentationTest.kt;android/app/src/main/kotlin/org/rigorcore/caserecomp/app/PrivateVerifiedFlowRepository.kt;docs/PHASE6B.md,android/app/src/androidTest/kotlin/org/rigorcore/caserecomp/app/VerifiedFlowInstrumentationTest.kt,keep-generic,"Corrige integridad, semantica, plataforma o limites; no repetir por juego.",synthetic-regression;private-before-after-if-runtime
30293eb2762da5f9f8a263b1a2d3d54960169b80,G,fix: canonicalize verified flows in engine boundary,android/app/src/main/kotlin/org/rigorcore/caserecomp/app/PrivateVerifiedFlowRepository.kt;android/engine/src/main/kotlin/org/rigorcore/caserecomp/VerifiedFlow.kt;android/engine/src/test/kotlin/org/rigorcore/caserecomp/VerifiedFlowUnitTest.kt,android/engine/src/test/kotlin/org/rigorcore/caserecomp/VerifiedFlowUnitTest.kt,keep-generic,"Corrige integridad, semantica, plataforma o limites; no repetir por juego.",synthetic-regression;private-before-after-if-runtime
a3295c15b7a464ffa70f653a28519c9afe728151,G,fix: close verified-flow semantic import gaps,android/app/src/androidTest/kotlin/org/rigorcore/caserecomp/app/VerifiedFlowInstrumentationTest.kt;android/app/src/main/kotlin/org/rigorcore/caserecomp/app/MainActivity.kt;android/app/src/main/kotlin/org/rigorcore/caserecomp/app/PrivateVerifiedFlowRepository.kt;android/engine/src/main/kotlin/org/rigorcore/caserecomp/VerifiedFlow.kt;android/engine/src/test/kotlin/org/rigorcore/caserecomp/VerifiedFlowFidelityUnitTest.kt;android/engine/src/test/kotlin/org/rigorcore/caserecomp/VerifiedFlowUnitTest.kt;docs/PHASE6B.md,android/app/src/androidTest/kotlin/org/rigorcore/caserecomp/app/VerifiedFlowInstrumentationTest.kt;android/engine/src/test/kotlin/org/rigorcore/caserecomp/VerifiedFlowFidelityUnitTest.kt;android/engine/src/test/kotlin/org/rigorcore/caserecomp/VerifiedFlowUnitTest.kt,keep-generic,"Corrige integridad, semantica, plataforma o limites; no repetir por juego.",synthetic-regression;private-before-after-if-runtime
c851a80421de04e1904bafe44a144d9129dd16ae,G,fix: align verified-flow version validation,caserecomp/vertical_slice.py;docs/PHASE6B.md;tests/test_vertical_slice.py,tests/test_vertical_slice.py,keep-generic,"Corrige integridad, semantica, plataforma o limites; no repetir por juego.",synthetic-regression;private-before-after-if-runtime
fe46bd072350a87e41fd28b9c417e6af3a9cf8f6,G,fix: align verified-flow timing domain,android/engine/src/main/kotlin/org/rigorcore/caserecomp/VerifiedFlow.kt;android/engine/src/test/kotlin/org/rigorcore/caserecomp/VerifiedFlowUnitTest.kt;caserecomp/vertical_slice.py;docs/PHASE6B.md;tests/test_vertical_slice.py,android/engine/src/test/kotlin/org/rigorcore/caserecomp/VerifiedFlowUnitTest.kt;tests/test_vertical_slice.py,keep-generic,"Corrige integridad, semantica, plataforma o limites; no repetir por juego.",synthetic-regression;private-before-after-if-runtime
d96552d48791984b1527703bf1342a50088c7a2d,G,fix: bind trace plan to conversion source,caserecomp/content_bundle.py;caserecomp/trace.py;docs/PHASE4B.md;docs/PHASE5.md;tests/test_content_bundle.py,tests/test_content_bundle.py,keep-generic,"Corrige integridad, semantica, plataforma o limites; no repetir por juego.",synthetic-regression;private-before-after-if-runtime
30550362df02d0ef6d54112b652dcff99c8a30b4,G,fix: bind Android flow proof to trace source,android/README.md;android/app/src/androidTest/kotlin/org/rigorcore/caserecomp/app/PrivateContentInstrumentationTest.kt;android/app/src/androidTest/kotlin/org/rigorcore/caserecomp/app/VerifiedFlowInstrumentationTest.kt;android/app/src/main/kotlin/org/rigorcore/caserecomp/app/PrivateContentRepository.kt;android/app/src/main/kotlin/org/rigorcore/caserecomp/app/PrivateVerifiedFlowRepository.kt;android/engine/src/main/kotlin/org/rigorcore/caserecomp/PrivateTracePlan.kt;android/engine/src/test/kotlin/org/rigorcore/caserecomp/PrivateTracePlanUnitTest.kt;docs/PHASE6.md;docs/PHASE6B.md,android/app/src/androidTest/kotlin/org/rigorcore/caserecomp/app/PrivateContentInstrumentationTest.kt;android/app/src/androidTest/kotlin/org/rigorcore/caserecomp/app/VerifiedFlowInstrumentationTest.kt;android/engine/src/test/kotlin/org/rigorcore/caserecomp/PrivateTracePlanUnitTest.kt,keep-generic,"Corrige integridad, semantica, plataforma o limites; no repetir por juego.",synthetic-regression;private-before-after-if-runtime
cd112d53561273a0ba2af74ccb8c9af525dfd85c,G,fix: preserve legacy trace plan contract,android/engine/src/main/kotlin/org/rigorcore/caserecomp/PrivateTracePlan.kt;caserecomp/trace.py;docs/PHASE4B.md,,keep-generic,"Corrige integridad, semantica, plataforma o limites; no repetir por juego.",synthetic-regression;private-before-after-if-runtime
c7e94ce3b8bab66956593791ace43e5779383f05,G,fix: harden local tool and input handling on Windows,caserecomp/audio.py;caserecomp/backends.py;caserecomp/director.py;caserecomp/executables.py;tests/test_backends.py;tests/test_director.py;tests/test_phase3b_media.py;tests/test_physical_device_qa.py,tests/test_backends.py;tests/test_director.py;tests/test_phase3b_media.py;tests/test_physical_device_qa.py,keep-generic,"Corrige integridad, semantica, plataforma o limites; no repetir por juego.",synthetic-regression;private-before-after-if-runtime
de0dd4de72932b6057ccc6505b65901515241e71,G,fix: reject flat and repeated native capture screenshots,caserecomp/runtime_capture.py;tests/test_runtime_capture.py,tests/test_runtime_capture.py,keep-generic,"Corrige integridad, semantica, plataforma o limites; no repetir por juego.",synthetic-regression;private-before-after-if-runtime
6105635c75f2d2ffc5f0d75e52917bfe04daafd1,E,feat: add burst runtime screen capture,README.md;caserecomp/__main__.py;caserecomp/runtime_capture.py;docs/PHASE6B.md;tests/test_runtime_capture.py,tests/test_runtime_capture.py,keep-technology-or-host,Servicio/formato/semantica estandar implementado; alcance limitado a lo probado.,format-or-contract-fixtures;capability-scope;private-before-after
7474959b394d1acd018150ea1a1c8cafa3083d5d,D,feat: define verified hidden-object scene evidence,caserecomp/__main__.py;caserecomp/verified_scene.py;fixtures/synthetic-verified-scene.crscene;tests/test_verified_scene.py,tests/test_verified_scene.py,preserve-until-proven-migration,Mecanismo legacy o acoplamiento/prototipo; conservar como referencia hasta migracion sin regresion.,legacy-parity;rollback;source-binding;cross-game
3b4664ad537e3b1a7e0f410effb3f539e2627a61,D,feat: add verified hidden-object scene runtime,android/engine/src/main/kotlin/org/rigorcore/caserecomp/Engine.kt;android/engine/src/main/kotlin/org/rigorcore/caserecomp/Runtime.kt;android/engine/src/main/kotlin/org/rigorcore/caserecomp/VerifiedScene.kt;android/engine/src/test/kotlin/org/rigorcore/caserecomp/VerifiedSceneUnitTest.kt,android/engine/src/test/kotlin/org/rigorcore/caserecomp/VerifiedSceneUnitTest.kt,preserve-until-proven-migration,Mecanismo legacy o acoplamiento/prototipo; conservar como referencia hasta migracion sin regresion.,legacy-parity;rollback;source-binding;cross-game
5efb8a216525a0bb904269d25c9daba9f4b956d2,D,feat: integrate verified scene proofs in the Android shell,android/app/build.gradle.kts;android/app/src/androidTest/kotlin/org/rigorcore/caserecomp/app/VerifiedSceneInstrumentationTest.kt;android/app/src/main/kotlin/org/rigorcore/caserecomp/app/GameShellView.kt;android/app/src/main/kotlin/org/rigorcore/caserecomp/app/MainActivity.kt;android/app/src/main/kotlin/org/rigorcore/caserecomp/app/PrivateVerifiedSceneRepository.kt;android/engine/src/main/kotlin/org/rigorcore/caserecomp/Runtime.kt,android/app/src/androidTest/kotlin/org/rigorcore/caserecomp/app/VerifiedSceneInstrumentationTest.kt,preserve-until-proven-migration,Mecanismo legacy o acoplamiento/prototipo; conservar como referencia hasta migracion sin regresion.,legacy-parity;rollback;source-binding;cross-game
578a70fb0dace04181083db3eb715861e0dc7ee0,G,fix: link cast script members to the correct Lscr,caserecomp/score.py;caserecomp/trace.py;caserecomp/vertical_slice.py;tests/test_score.py;tests/test_trace.py;tests/test_vertical_slice.py,tests/test_score.py;tests/test_trace.py;tests/test_vertical_slice.py,keep-generic,"Corrige integridad, semantica, plataforma o limites; no repetir por juego.",synthetic-regression;private-before-after-if-runtime
09194acdbe1d3df0a96bfea467c24ee61907f8c6,E,feat: add compiled Lingo bundle reader for the Kotlin VM,caserecomp/__main__.py;caserecomp/lingo_bytecode.py;tests/test_lingo_bytecode.py,tests/test_lingo_bytecode.py,keep-technology-or-host,Servicio/formato/semantica estandar implementado; alcance limitado a lo probado.,format-or-contract-fixtures;capability-scope;private-before-after
56d83b06c9826a042790473a5af43f03562ef9f5,E,feat: add clean-room Kotlin Lingo bytecode VM,android/engine/src/main/kotlin/org/rigorcore/caserecomp/lingo/LingoBundle.kt;android/engine/src/main/kotlin/org/rigorcore/caserecomp/lingo/LingoChunks.kt;android/engine/src/main/kotlin/org/rigorcore/caserecomp/lingo/LingoLiteralParser.kt;android/engine/src/main/kotlin/org/rigorcore/caserecomp/lingo/LingoNatives.kt;android/engine/src/main/kotlin/org/rigorcore/caserecomp/lingo/LingoValue.kt;android/engine/src/main/kotlin/org/rigorcore/caserecomp/lingo/LingoVm.kt;android/engine/src/test/kotlin/org/rigorcore/caserecomp/lingo/LingoVmUnitTest.kt,android/engine/src/test/kotlin/org/rigorcore/caserecomp/lingo/LingoVmUnitTest.kt,keep-technology-or-host,Servicio/formato/semantica estandar implementado; alcance limitado a lo probado.,format-or-contract-fixtures;capability-scope;private-before-after
e2ff7a841977089279e1f6cdb91fdbfc13b1e113,G,fix: decode every declared score channel for 48-byte sprite records,caserecomp/score.py;tests/test_score.py,tests/test_score.py,keep-generic,"Corrige integridad, semantica, plataforma o limites; no repetir por juego.",synthetic-regression;private-before-after-if-runtime
9b6d95cd095b2b7ed19bcebe569eaf06e5bc330a,E,feat: add private movie bundle for the Director runtime,caserecomp/__main__.py;caserecomp/movie_bundle.py;caserecomp/score.py;tests/test_movie_bundle.py,tests/test_movie_bundle.py,keep-technology-or-host,Servicio/formato/semantica estandar implementado; alcance limitado a lo probado.,format-or-contract-fixtures;capability-scope;private-before-after
bd241b095bddd318b06a5af4820c7e483041bcb8,E,feat: export score sprite spans with their behaviours,caserecomp/movie_bundle.py;tests/test_movie_bundle.py,tests/test_movie_bundle.py,keep-technology-or-host,Servicio/formato/semantica estandar implementado; alcance limitado a lo probado.,format-or-contract-fixtures;capability-scope;private-before-after
e1e5dbbbd453fc13f9c77f6958d0af774725e8f5,V,fix: decode Lingo string literals as MacRoman and keep RETURN in text,caserecomp/lingo_bytecode.py;caserecomp/movie_bundle.py;tests/test_lingo_bytecode.py;tests/test_movie_bundle.py,tests/test_lingo_bytecode.py;tests/test_movie_bundle.py,versioned-format-adapter,La codificacion/estructura original exige seleccion por version y evidencia.,version-fixtures;nonmatching-version;private-before-after
752e20a4589221f5f438a54b094a9df029c32ef2,E,feat: add Director runtime subset and Xtra substitutes for the Lingo VM,android/engine/src/main/kotlin/org/rigorcore/caserecomp/director/DirectorCast.kt;android/engine/src/main/kotlin/org/rigorcore/caserecomp/director/DirectorImage.kt;android/engine/src/main/kotlin/org/rigorcore/caserecomp/director/DirectorMovie.kt;android/engine/src/main/kotlin/org/rigorcore/caserecomp/director/DirectorRuntime.kt;android/engine/src/main/kotlin/org/rigorcore/caserecomp/director/DirectorSound.kt;android/engine/src/main/kotlin/org/rigorcore/caserecomp/director/DirectorSprite.kt;android/engine/src/main/kotlin/org/rigorcore/caserecomp/director/DirectorXtras.kt;android/engine/src/main/kotlin/org/rigorcore/caserecomp/lingo/LingoChunks.kt;android/engine/src/main/kotlin/org/rigorcore/caserecomp/lingo/LingoNatives.kt;android/engine/src/main/kotlin/org/rigorcore/caserecomp/lingo/LingoValue.kt;android/engine/src/main/kotlin/org/rigorcore/caserecomp/lingo/LingoVm.kt;android/engine/src/test/kotlin/org/rigorcore/caserecomp/director/DirectorRuntimeUnitTest.kt;android/engine/src/test/kotlin/org/rigorcore/caserecomp/director/StandardXtrasUnitTest.kt;android/engine/src/test/kotlin/org/rigorcore/caserecomp/lingo/LingoAsm.kt;android/engine/src/test/kotlin/org/rigorcore/caserecomp/lingo/LingoVmUnitTest.kt,android/engine/src/test/kotlin/org/rigorcore/caserecomp/director/DirectorRuntimeUnitTest.kt;android/engine/src/test/kotlin/org/rigorcore/caserecomp/director/StandardXtrasUnitTest.kt;android/engine/src/test/kotlin/org/rigorcore/caserecomp/lingo/LingoAsm.kt;android/engine/src/test/kotlin/org/rigorcore/caserecomp/lingo/LingoVmUnitTest.kt,keep-technology-or-host,Servicio/formato/semantica estandar implementado; alcance limitado a lo probado.,format-or-contract-fixtures;capability-scope;private-before-after
8a92286b075bbd96c1ca9b3179cb179f1a293261,E,feat: add a minimal Flash player for Director Flash sprites,android/engine/src/main/kotlin/org/rigorcore/caserecomp/director/DirectorCast.kt;android/engine/src/main/kotlin/org/rigorcore/caserecomp/director/DirectorRuntime.kt;android/engine/src/main/kotlin/org/rigorcore/caserecomp/director/DirectorSprite.kt;android/engine/src/main/kotlin/org/rigorcore/caserecomp/flash/FlashPlayer.kt;android/engine/src/main/kotlin/org/rigorcore/caserecomp/flash/Swf.kt;android/engine/src/test/kotlin/org/rigorcore/caserecomp/director/DirectorRuntimeUnitTest.kt;android/engine/src/test/kotlin/org/rigorcore/caserecomp/flash/FlashPlayerUnitTest.kt;android/engine/src/test/kotlin/org/rigorcore/caserecomp/flash/SwfTestBuilder.kt,android/engine/src/test/kotlin/org/rigorcore/caserecomp/director/DirectorRuntimeUnitTest.kt;android/engine/src/test/kotlin/org/rigorcore/caserecomp/flash/FlashPlayerUnitTest.kt;android/engine/src/test/kotlin/org/rigorcore/caserecomp/flash/SwfTestBuilder.kt,keep-technology-or-host,Servicio/formato/semantica estandar implementado; alcance limitado a lo probado.,format-or-contract-fixtures;capability-scope;private-before-after
05f0868c9ceec826e3389a4865138138ec0a64be,E,feat: add private Director content package for the runtime,android/engine/src/main/kotlin/org/rigorcore/caserecomp/director/DirectorCast.kt;android/engine/src/main/kotlin/org/rigorcore/caserecomp/director/DirectorContent.kt;android/engine/src/main/kotlin/org/rigorcore/caserecomp/director/DirectorRuntime.kt;android/engine/src/main/kotlin/org/rigorcore/caserecomp/director/DirectorSprite.kt;android/engine/src/test/kotlin/org/rigorcore/caserecomp/director/DirectorContentUnitTest.kt;caserecomp/__main__.py;caserecomp/director_content.py;tests/test_director_content.py,android/engine/src/test/kotlin/org/rigorcore/caserecomp/director/DirectorContentUnitTest.kt;tests/test_director_content.py,keep-technology-or-host,Servicio/formato/semantica estandar implementado; alcance limitado a lo probado.,format-or-contract-fixtures;capability-scope;private-before-after
9e2c37115d14009b25e473197407da4d37abcdd0,E,feat: add software stage renderer and filled SWF vector shapes,android/engine/src/main/kotlin/org/rigorcore/caserecomp/director/DirectorSprite.kt;android/engine/src/main/kotlin/org/rigorcore/caserecomp/director/StageRenderer.kt;android/engine/src/main/kotlin/org/rigorcore/caserecomp/flash/FlashPlayer.kt;android/engine/src/main/kotlin/org/rigorcore/caserecomp/flash/Swf.kt;android/engine/src/test/kotlin/org/rigorcore/caserecomp/director/StageRendererUnitTest.kt;android/engine/src/test/kotlin/org/rigorcore/caserecomp/flash/FlashPlayerUnitTest.kt;android/engine/src/test/kotlin/org/rigorcore/caserecomp/flash/SwfTestBuilder.kt,android/engine/src/test/kotlin/org/rigorcore/caserecomp/director/StageRendererUnitTest.kt;android/engine/src/test/kotlin/org/rigorcore/caserecomp/flash/FlashPlayerUnitTest.kt;android/engine/src/test/kotlin/org/rigorcore/caserecomp/flash/SwfTestBuilder.kt,keep-technology-or-host,Servicio/formato/semantica estandar implementado; alcance limitado a lo probado.,format-or-contract-fixtures;capability-scope;private-before-after
7e829afd0df99ba7a0583849811458331113044e,G,fix: validate complete private Director ZIP before Android import,android/engine/src/main/kotlin/org/rigorcore/caserecomp/director/DirectorContent.kt;android/engine/src/test/kotlin/org/rigorcore/caserecomp/director/DirectorContentUnitTest.kt,android/engine/src/test/kotlin/org/rigorcore/caserecomp/director/DirectorContentUnitTest.kt,keep-generic,"Corrige integridad, semantica, plataforma o limites; no repetir por juego.",synthetic-regression;private-before-after-if-runtime
39775a477b1dfbb5f88bd39c0e1d72691810f01b,E,feat: add private Director package store and Android media adapters,android/app/src/main/kotlin/org/rigorcore/caserecomp/app/AndroidDirectorPorts.kt;android/app/src/main/kotlin/org/rigorcore/caserecomp/app/PrivateDirectorRepository.kt,,keep-technology-or-host,Servicio/formato/semantica estandar implementado; alcance limitado a lo probado.,format-or-contract-fixtures;capability-scope;private-before-after
6d967fc854f77676c16b7aa0223168891740437a,D,feat: launch private Director VM in isolated Android debug stage,android/app/src/main/AndroidManifest.xml;android/app/src/main/kotlin/org/rigorcore/caserecomp/app/DirectorLauncherActivity.kt;android/app/src/main/kotlin/org/rigorcore/caserecomp/app/DirectorStageView.kt;android/app/src/main/kotlin/org/rigorcore/caserecomp/app/DirectorViewport.kt;android/app/src/main/kotlin/org/rigorcore/caserecomp/app/MainActivity.kt,,preserve-until-proven-migration,Mecanismo legacy o acoplamiento/prototipo; conservar como referencia hasta migracion sin regresion.,legacy-parity;rollback;source-binding;cross-game
9a74dd23a58647520eaa5c5f0e8b72137701710a,E,test: cover Director viewport and document private debug launch,android/README.md;android/app/src/main/kotlin/org/rigorcore/caserecomp/app/AndroidDirectorPorts.kt;android/app/src/main/kotlin/org/rigorcore/caserecomp/app/MainActivity.kt;android/app/src/test/kotlin/org/rigorcore/caserecomp/app/DirectorViewportUnitTest.kt;docs/PHASE10.md,android/app/src/test/kotlin/org/rigorcore/caserecomp/app/DirectorViewportUnitTest.kt,keep-technology-or-host,Servicio/formato/semantica estandar implementado; alcance limitado a lo probado.,format-or-contract-fixtures;capability-scope;private-before-after
bc998246f14d210b8f614b515ee42a3e6a5cedbf,G,fix: keep Director import API-26 compatible and isolate saves by package,android/app/src/main/kotlin/org/rigorcore/caserecomp/app/AndroidDirectorPorts.kt;android/app/src/main/kotlin/org/rigorcore/caserecomp/app/DirectorLauncherActivity.kt;android/engine/src/main/kotlin/org/rigorcore/caserecomp/director/DirectorContent.kt,,keep-generic,"Corrige integridad, semantica, plataforma o limites; no repetir por juego.",synthetic-regression;private-before-after-if-runtime
078b95b7bc4c7c505e05d2af8e91cc2793e576f3,G,fix: make private content and Director debug long-press reachable,android/app/src/main/kotlin/org/rigorcore/caserecomp/app/GameShellView.kt,,keep-generic,"Corrige integridad, semantica, plataforma o limites; no repetir por juego.",synthetic-regression;private-before-after-if-runtime
89ee12e00df28d34d079a6f721cc0e23909c17a8,G,fix: bound private Director stage and score allocations before VM startup,android/app/src/main/kotlin/org/rigorcore/caserecomp/app/DirectorLauncherActivity.kt,,keep-generic,"Corrige integridad, semantica, plataforma o limites; no repetir por juego.",synthetic-regression;private-before-after-if-runtime
106ea05a69ef36590037127dc9085d16c67f2ed2,G,fix(flash): honour PlaceObject clip layers and embedded JPEG EOI/SOI,android/engine/src/main/kotlin/org/rigorcore/caserecomp/director/StageRenderer.kt;android/engine/src/main/kotlin/org/rigorcore/caserecomp/flash/FlashPlayer.kt;android/engine/src/main/kotlin/org/rigorcore/caserecomp/flash/Swf.kt;android/engine/src/test/kotlin/org/rigorcore/caserecomp/flash/FlashPlayerUnitTest.kt;android/engine/src/test/kotlin/org/rigorcore/caserecomp/flash/SwfTestBuilder.kt,android/engine/src/test/kotlin/org/rigorcore/caserecomp/flash/FlashPlayerUnitTest.kt;android/engine/src/test/kotlin/org/rigorcore/caserecomp/flash/SwfTestBuilder.kt,keep-generic,"Corrige integridad, semantica, plataforma o limites; no repetir por juego.",synthetic-regression;private-before-after-if-runtime
808f80e1dcde91b7ba6283763455fdf62b6a4aa3,E,feat(android): debug adb route to launch Director and import from app folder,android/app/src/main/kotlin/org/rigorcore/caserecomp/app/DirectorLauncherActivity.kt;android/app/src/main/kotlin/org/rigorcore/caserecomp/app/MainActivity.kt,,keep-technology-or-host,Servicio/formato/semantica estandar implementado; alcance limitado a lo probado.,format-or-contract-fixtures;capability-scope;private-before-after
4484371403607338a7822b066d07550de8897757,G,fix(director): real cast file sizes and control-character keys on Android,android/app/src/main/kotlin/org/rigorcore/caserecomp/app/DirectorLauncherActivity.kt;android/app/src/main/kotlin/org/rigorcore/caserecomp/app/DirectorStageView.kt;android/engine/src/main/kotlin/org/rigorcore/caserecomp/director/DirectorCast.kt;android/engine/src/main/kotlin/org/rigorcore/caserecomp/director/DirectorContent.kt;android/engine/src/test/kotlin/org/rigorcore/caserecomp/director/DirectorContentUnitTest.kt,android/engine/src/test/kotlin/org/rigorcore/caserecomp/director/DirectorContentUnitTest.kt,keep-generic,"Corrige integridad, semantica, plataforma o limites; no repetir por juego.",synthetic-regression;private-before-after-if-runtime
a60c3c29b0dff326aae0b982ec8ac45d35c1162c,E,fix(director): draw non-stretched bitmap sprites at their member size,android/engine/src/main/kotlin/org/rigorcore/caserecomp/director/DirectorMovie.kt;android/engine/src/main/kotlin/org/rigorcore/caserecomp/director/DirectorSprite.kt;android/engine/src/test/kotlin/org/rigorcore/caserecomp/director/DirectorRuntimeUnitTest.kt,android/engine/src/test/kotlin/org/rigorcore/caserecomp/director/DirectorRuntimeUnitTest.kt,keep-technology-or-host,Servicio/formato/semantica estandar implementado; alcance limitado a lo probado.,format-or-contract-fixtures;capability-scope;private-before-after
d52502a1a4d4fb365401825bdcb9515fd7687669,E,feat(text): decode Text Xtra styles and lay text out like Director,android/app/src/main/kotlin/org/rigorcore/caserecomp/app/AndroidDirectorPorts.kt;android/engine/src/main/kotlin/org/rigorcore/caserecomp/director/DirectorCast.kt;android/engine/src/main/kotlin/org/rigorcore/caserecomp/director/DirectorMovie.kt;android/engine/src/main/kotlin/org/rigorcore/caserecomp/director/TextLayout.kt;android/engine/src/test/kotlin/org/rigorcore/caserecomp/director/DirectorContentUnitTest.kt;caserecomp/movie_bundle.py;tests/test_movie_bundle.py,android/engine/src/test/kotlin/org/rigorcore/caserecomp/director/DirectorContentUnitTest.kt;tests/test_movie_bundle.py,keep-technology-or-host,Servicio/formato/semantica estandar implementado; alcance limitado a lo probado.,format-or-contract-fixtures;capability-scope;private-before-after
cd4192c8bcc2547a42f94a53d73f921b2335dcac,E,"fix(text): text member rects, visible-run styles and fit-to-box on Android",android/app/src/main/kotlin/org/rigorcore/caserecomp/app/AndroidDirectorPorts.kt;android/engine/src/main/kotlin/org/rigorcore/caserecomp/director/DirectorSprite.kt;android/engine/src/test/kotlin/org/rigorcore/caserecomp/director/DirectorRuntimeUnitTest.kt;caserecomp/movie_bundle.py,android/engine/src/test/kotlin/org/rigorcore/caserecomp/director/DirectorRuntimeUnitTest.kt,keep-technology-or-host,Servicio/formato/semantica estandar implementado; alcance limitado a lo probado.,format-or-contract-fixtures;capability-scope;private-before-after
467450b8d65b2179bda5b6489a1a3e9065ffccf3,G,"fix(flash,director): strict-decoder JPEGs and click-through text boxes",android/app/src/main/kotlin/org/rigorcore/caserecomp/app/DirectorStageView.kt;android/engine/src/main/kotlin/org/rigorcore/caserecomp/director/DirectorSprite.kt;android/engine/src/main/kotlin/org/rigorcore/caserecomp/flash/Swf.kt;android/engine/src/test/kotlin/org/rigorcore/caserecomp/director/DirectorRuntimeUnitTest.kt;android/engine/src/test/kotlin/org/rigorcore/caserecomp/flash/FlashPlayerUnitTest.kt,android/engine/src/test/kotlin/org/rigorcore/caserecomp/director/DirectorRuntimeUnitTest.kt;android/engine/src/test/kotlin/org/rigorcore/caserecomp/flash/FlashPlayerUnitTest.kt,keep-generic,"Corrige integridad, semantica, plataforma o limites; no repetir por juego.",synthetic-regression;private-before-after-if-runtime
cb9428120450afd3e4df002378924ae7789104e5,E,feat(text): paragraph indents from Text Xtra par_info,android/engine/src/main/kotlin/org/rigorcore/caserecomp/director/DirectorMovie.kt;android/engine/src/main/kotlin/org/rigorcore/caserecomp/director/TextLayout.kt;android/engine/src/test/kotlin/org/rigorcore/caserecomp/director/DirectorContentUnitTest.kt;caserecomp/movie_bundle.py;tests/test_movie_bundle.py,android/engine/src/test/kotlin/org/rigorcore/caserecomp/director/DirectorContentUnitTest.kt;tests/test_movie_bundle.py,keep-technology-or-host,Servicio/formato/semantica estandar implementado; alcance limitado a lo probado.,format-or-contract-fixtures;capability-scope;private-before-after
e882ec3263de9e66878441baf47358c5ef96699e,E,feat(director): score sprite colours colorize text like Director,android/app/src/main/kotlin/org/rigorcore/caserecomp/app/AndroidDirectorPorts.kt;android/engine/src/main/kotlin/org/rigorcore/caserecomp/director/DirectorMovie.kt;android/engine/src/main/kotlin/org/rigorcore/caserecomp/director/DirectorRuntime.kt;android/engine/src/main/kotlin/org/rigorcore/caserecomp/director/DirectorSprite.kt;android/engine/src/main/kotlin/org/rigorcore/caserecomp/director/StageRenderer.kt;android/engine/src/test/kotlin/org/rigorcore/caserecomp/director/StageRendererUnitTest.kt;caserecomp/movie_bundle.py;caserecomp/score.py;tests/test_score.py,android/engine/src/test/kotlin/org/rigorcore/caserecomp/director/StageRendererUnitTest.kt;tests/test_score.py,keep-technology-or-host,Servicio/formato/semantica estandar implementado; alcance limitado a lo probado.,format-or-contract-fixtures;capability-scope;private-before-after
cea8cb1f139fe890b93ae396f6c362e4ce81d4b2,G,perf(director): keep scene media decoded and pace frames at a fixed rate,android/app/src/main/kotlin/org/rigorcore/caserecomp/app/DirectorLauncherActivity.kt;android/app/src/main/kotlin/org/rigorcore/caserecomp/app/DirectorStageView.kt;android/engine/src/main/kotlin/org/rigorcore/caserecomp/director/DirectorRuntime.kt;android/engine/src/main/kotlin/org/rigorcore/caserecomp/director/StageRenderer.kt,,keep-generic,"Corrige integridad, semantica, plataforma o limites; no repetir por juego.",synthetic-regression;private-before-after-if-runtime
a2c1203c7e1dab590fb4096ac8ed36b4500e223b,E,test(android): debug F12 dump of on-stage sprites with clickable points,android/app/src/main/kotlin/org/rigorcore/caserecomp/app/DirectorStageView.kt,,keep-technology-or-host,Servicio/formato/semantica estandar implementado; alcance limitado a lo probado.,format-or-contract-fixtures;capability-scope;private-before-after
f332336e2e4b47fa102405f37e00d43fb27d0a22,G,fix(builder): number cast members from the cast's minMember,caserecomp/director_content.py;caserecomp/lingo_bytecode.py;caserecomp/movie_bundle.py;caserecomp/score.py;tests/test_score.py,tests/test_score.py,keep-generic,"Corrige integridad, semantica, plataforma o limites; no repetir por juego.",synthetic-regression;private-before-after-if-runtime
e2b47317b170e1255bae0d153a2f9a5e8eb38465,G,fix(director): only sprites with mouse handlers receive the mouse,android/engine/src/main/kotlin/org/rigorcore/caserecomp/director/DirectorRuntime.kt;android/engine/src/test/kotlin/org/rigorcore/caserecomp/director/DirectorRuntimeUnitTest.kt,android/engine/src/test/kotlin/org/rigorcore/caserecomp/director/DirectorRuntimeUnitTest.kt,keep-generic,"Corrige integridad, semantica, plataforma o limites; no repetir por juego.",synthetic-regression;private-before-after-if-runtime
68e3a016ab8f1c685c8d54a7dc80dc93c0f9df72,E,feat(flash): duplicateMovieClip and removeMovieClip (CloneSprite/RemoveSprite),android/engine/src/main/kotlin/org/rigorcore/caserecomp/flash/FlashPlayer.kt;android/engine/src/test/kotlin/org/rigorcore/caserecomp/flash/FlashPlayerUnitTest.kt,android/engine/src/test/kotlin/org/rigorcore/caserecomp/flash/FlashPlayerUnitTest.kt,keep-technology-or-host,Servicio/formato/semantica estandar implementado; alcance limitado a lo probado.,format-or-contract-fixtures;capability-scope;private-before-after
6451586aad5ed2d0be8d9a6df0c46a5cf6496cbc,E,feat(audio): keep Shockwave Audio as MP3 when FFmpeg is absent,caserecomp/audio.py;caserecomp/director_content.py;tests/test_director_content.py;tests/test_swa.py,tests/test_director_content.py;tests/test_swa.py,keep-technology-or-host,Servicio/formato/semantica estandar implementado; alcance limitado a lo probado.,format-or-contract-fixtures;capability-scope;private-before-after
1e849bdfaa2912f48ed40246a9cd282a5d955229,G,fix(audio): package padded MP3 music and pause/resume sound with the app,android/app/src/main/kotlin/org/rigorcore/caserecomp/app/AndroidDirectorPorts.kt;android/app/src/main/kotlin/org/rigorcore/caserecomp/app/DirectorLauncherActivity.kt;caserecomp/audio.py;caserecomp/director_content.py;tests/test_swa.py,tests/test_swa.py,keep-generic,"Corrige integridad, semantica, plataforma o limites; no repetir por juego.",synthetic-regression;private-before-after-if-runtime
5895d363d8c968d235c96fe4078d2209ba1bc543,E,test(android): debug route to import a Director save for on-device QA,android/app/src/main/kotlin/org/rigorcore/caserecomp/app/DirectorLauncherActivity.kt,,keep-technology-or-host,Servicio/formato/semantica estandar implementado; alcance limitado a lo probado.,format-or-contract-fixtures;capability-scope;private-before-after
2777e6b6c4a9a39954b580c5f1450a247ac5e2c7,G,fix(android): close the Director stage when the title quits,android/app/src/main/kotlin/org/rigorcore/caserecomp/app/DirectorLauncherActivity.kt;android/app/src/main/kotlin/org/rigorcore/caserecomp/app/DirectorStageView.kt,,keep-generic,"Corrige integridad, semantica, plataforma o limites; no repetir por juego.",synthetic-regression;private-before-after-if-runtime
b688ae23833392f04e2a706effd8f85d51bc19d4,G,fix(director): resolve (sprite n)/(member n of castLib m) behaviour parameters,android/engine/src/main/kotlin/org/rigorcore/caserecomp/director/DirectorRuntime.kt;android/engine/src/main/kotlin/org/rigorcore/caserecomp/lingo/LingoLiteralParser.kt;android/engine/src/test/kotlin/org/rigorcore/caserecomp/director/DirectorRuntimeUnitTest.kt;android/engine/src/test/kotlin/org/rigorcore/caserecomp/lingo/LingoVmUnitTest.kt,android/engine/src/test/kotlin/org/rigorcore/caserecomp/director/DirectorRuntimeUnitTest.kt;android/engine/src/test/kotlin/org/rigorcore/caserecomp/lingo/LingoVmUnitTest.kt,keep-generic,"Corrige integridad, semantica, plataforma o limites; no repetir por juego.",synthetic-regression;private-before-after-if-runtime
bddf559706fbf96f965ff3ed8e8f5feefd0ff71f,E,"feat(text): HTML tables, font tags and tab stops in member.html",android/app/src/main/kotlin/org/rigorcore/caserecomp/app/AndroidDirectorPorts.kt;android/engine/src/main/kotlin/org/rigorcore/caserecomp/director/DirectorCast.kt;android/engine/src/main/kotlin/org/rigorcore/caserecomp/director/TextLayout.kt;android/engine/src/test/kotlin/org/rigorcore/caserecomp/director/DirectorContentUnitTest.kt,android/engine/src/test/kotlin/org/rigorcore/caserecomp/director/DirectorContentUnitTest.kt,keep-technology-or-host,Servicio/formato/semantica estandar implementado; alcance limitado a lo probado.,format-or-contract-fixtures;capability-scope;private-before-after
e6bcb8ed8650a4be949c029cddbff5fe61e8917d,E,feat(render): 2x stage compositing with sharp text and smooth scaling,android/app/src/main/kotlin/org/rigorcore/caserecomp/app/AndroidDirectorPorts.kt;android/app/src/main/kotlin/org/rigorcore/caserecomp/app/DirectorLauncherActivity.kt;android/app/src/main/kotlin/org/rigorcore/caserecomp/app/DirectorStageView.kt;android/engine/src/main/kotlin/org/rigorcore/caserecomp/director/DirectorImage.kt;android/engine/src/main/kotlin/org/rigorcore/caserecomp/director/StageRenderer.kt;android/engine/src/test/kotlin/org/rigorcore/caserecomp/director/StageRendererUnitTest.kt;docs/PHASE10_ANDROID_QA.md,android/engine/src/test/kotlin/org/rigorcore/caserecomp/director/StageRendererUnitTest.kt,keep-technology-or-host,Servicio/formato/semantica estandar implementado; alcance limitado a lo probado.,format-or-contract-fixtures;capability-scope;private-before-after
f91513900855ca3f5b835b5fafc312af41904371,G,fix(render): matte ink from the image edge; opaque 32-bit members take their ink,android/engine/src/main/kotlin/org/rigorcore/caserecomp/director/DirectorRuntime.kt;android/engine/src/main/kotlin/org/rigorcore/caserecomp/director/StageRenderer.kt;android/engine/src/test/kotlin/org/rigorcore/caserecomp/director/StageRendererUnitTest.kt;docs/PHASE10_ANDROID_QA.md,android/engine/src/test/kotlin/org/rigorcore/caserecomp/director/StageRendererUnitTest.kt,keep-generic,"Corrige integridad, semantica, plataforma o limites; no repetir por juego.",synthetic-regression;private-before-after-if-runtime
10079b374d6dd1448863d9c7eb04fae10684db58,E,feat(android): touch rollovers and mouse hover on the Director stage,android/app/src/main/kotlin/org/rigorcore/caserecomp/app/DirectorStageView.kt;docs/PHASE10_ANDROID_QA.md,,keep-technology-or-host,Servicio/formato/semantica estandar implementado; alcance limitado a lo probado.,format-or-contract-fixtures;capability-scope;private-before-after
e224bd640057dff34ca53c2f295c66ba2d80ec83,G,"fix(director): centre registration for run-time bitmaps, HTML table paragraphs; touch ring and adb QA bridge",android/app/src/main/kotlin/org/rigorcore/caserecomp/app/DirectorDebugBridge.kt;android/app/src/main/kotlin/org/rigorcore/caserecomp/app/DirectorLauncherActivity.kt;android/app/src/main/kotlin/org/rigorcore/caserecomp/app/DirectorStageView.kt;android/engine/src/main/kotlin/org/rigorcore/caserecomp/director/DirectorCast.kt;android/engine/src/test/kotlin/org/rigorcore/caserecomp/director/DirectorContentUnitTest.kt;docs/PHASE10_ANDROID_QA.md,android/engine/src/test/kotlin/org/rigorcore/caserecomp/director/DirectorContentUnitTest.kt,keep-generic,"Corrige integridad, semantica, plataforma o limites; no repetir por juego.",synthetic-regression;private-before-after-if-runtime
6c0381123ca59099fe550d80bcbe3021b3cf1fba,P,fix(text): calibrate substitute faces against the original; boxes grow instead of shrinking text,android/app/src/main/kotlin/org/rigorcore/caserecomp/app/AndroidDirectorPorts.kt;android/app/src/main/kotlin/org/rigorcore/caserecomp/app/DirectorDebugBridge.kt;android/engine/src/main/kotlin/org/rigorcore/caserecomp/director/StageRenderer.kt;docs/PHASE10_ANDROID_QA.md,,profile-candidate-with-evidence,Calibracion medida en Huntsville; no acreditada como regla universal.,android-text-goldens;hit-test;homonymous-font;retirement-criterion
252ba53e5c42360a4c2ffeff2c138381cbc2ae20,P,"fix(text): smaller, narrower italic Tekton captions so they sit inside their panel glass",android/app/src/main/kotlin/org/rigorcore/caserecomp/app/AndroidDirectorPorts.kt,,profile-candidate-with-evidence,Calibracion medida en Huntsville; no acreditada como regla universal.,android-text-goldens;hit-test;homonymous-font;retirement-criterion
cfeadd2e40599f96a87fc3f2f0681564eea3466a,P,fix(text): centred captions wrap inside a small margin; italic Tekton keeps the original pitch,android/app/src/main/kotlin/org/rigorcore/caserecomp/app/AndroidDirectorPorts.kt,,profile-candidate-with-evidence,Calibracion medida en Huntsville; no acreditada como regla universal.,android-text-goldens;hit-test;homonymous-font;retirement-criterion
747d65923eb00efca2caf23403d3dfd36029baee,P,feat(android): private presentation nudges; restore Palatino label width,android/app/src/main/kotlin/org/rigorcore/caserecomp/app/AndroidDirectorPorts.kt;android/app/src/main/kotlin/org/rigorcore/caserecomp/app/DirectorLauncherActivity.kt;android/engine/src/main/kotlin/org/rigorcore/caserecomp/director/StageRenderer.kt;android/engine/src/test/kotlin/org/rigorcore/caserecomp/director/StageRendererUnitTest.kt;docs/PHASE10_ANDROID_QA.md,android/engine/src/test/kotlin/org/rigorcore/caserecomp/director/StageRendererUnitTest.kt,profile-candidate-with-evidence,Calibracion medida en Huntsville; no acreditada como regla universal.,android-text-goldens;hit-test;homonymous-font;retirement-criterion
fc7e9558740f7f58fc18e4cb0a44052835c09ceb,H,feat(android): Case Recomp home screen and locally signed release APK,.github/workflows/android.yml;android/README.md;android/app/build.gradle.kts;android/app/src/debug/AndroidManifest.xml;android/app/src/main/AndroidManifest.xml;android/app/src/main/kotlin/org/rigorcore/caserecomp/app/DirectorLauncherActivity.kt;android/app/src/main/kotlin/org/rigorcore/caserecomp/app/HomeActivity.kt;android/app/src/main/kotlin/org/rigorcore/caserecomp/app/PrivateDirectorRepository.kt;android/engine/src/main/kotlin/org/rigorcore/caserecomp/director/DirectorContent.kt;android/engine/src/test/kotlin/org/rigorcore/caserecomp/director/DirectorContentUnitTest.kt;caserecomp/__main__.py;caserecomp/director_content.py;docs/PHASE10_ANDROID_QA.md;tests/test_director_content.py;tools/phase8_evidence.py,android/engine/src/test/kotlin/org/rigorcore/caserecomp/director/DirectorContentUnitTest.kt;tests/test_director_content.py,catalogue-or-profile-metadata,Identidad/presentacion del titulo; servicios compartidos no deben depender de su nombre.,verified-fingerprints;other-game-isolation
6b2bcbe4e83a76fd55b4bd5a83f188aebfd03edd,D,"feat: in-browser game converter page, locked upcoming titles, Exit button, bilingual README",.github/workflows/pages.yml;README.md;android/app/src/main/kotlin/org/rigorcore/caserecomp/app/DirectorLauncherActivity.kt;android/app/src/main/kotlin/org/rigorcore/caserecomp/app/HomeActivity.kt;caserecomp/__main__.py;caserecomp/director_content.py;docs/DEVELOPER.md;docs/PHASE10_ANDROID_QA.md;tests/test_director_content.py;tests/test_web_convert.py;web/convert.py;web/index.html;web/worker.js,tests/test_director_content.py;tests/test_web_convert.py,preserve-until-proven-migration,Mecanismo legacy o acoplamiento/prototipo; conservar como referencia hasta migracion sin regresion.,legacy-parity;rollback;source-binding;cross-game
7c6343b7206b12d5cfd9357a2d9bd050438f440e,G,fix(android): no focus highlight over the game stage on Android 8,android/app/src/androidTest/kotlin/org/rigorcore/caserecomp/app/DirectorLauncherInstrumentationTest.kt;android/app/src/main/kotlin/org/rigorcore/caserecomp/app/DirectorStageView.kt,android/app/src/androidTest/kotlin/org/rigorcore/caserecomp/app/DirectorLauncherInstrumentationTest.kt,keep-generic,"Corrige integridad, semantica, plataforma o limites; no repetir por juego.",synthetic-regression;private-before-after-if-runtime
fcea867a961a113c078ad17b54fc6de4ce255cad,OUTSIDE,"feat(legal): surface rights and privacy notices in Android, site and README",.gitignore;PRIVACY.md;README.md;THIRD_PARTY_NOTICES.md;android/app/src/main/kotlin/org/rigorcore/caserecomp/app/HomeActivity.kt;tests/test_legal_publication.py;web/index.html,tests/test_legal_publication.py,preserve-policy-and-distribution,"Cambio legal/contacto/distribucion, no ajuste de compatibilidad del runtime.",existing-publication-checks
c09908482ab55d0ef78a9798770a7647f7757fa6,OUTSIDE,feat(legal): link contact email from Android and browser converter,android/app/src/main/kotlin/org/rigorcore/caserecomp/app/HomeActivity.kt;tests/test_legal_publication.py;web/index.html,tests/test_legal_publication.py,preserve-policy-and-distribution,"Cambio legal/contacto/distribucion, no ajuste de compatibilidad del runtime.",existing-publication-checks
2fe5e9ac271bd9e0f045dbe0b9d9ba4ded30abe9,OUTSIDE,feat(legal): link noncommercial license in Android and web distributions,.github/workflows/pages.yml;THIRD_PARTY_NOTICES.md;android/app/src/main/kotlin/org/rigorcore/caserecomp/app/HomeActivity.kt;tests/test_legal_publication.py;web/index.html,tests/test_legal_publication.py,preserve-policy-and-distribution,"Cambio legal/contacto/distribucion, no ajuste de compatibilidad del runtime.",existing-publication-checks
82edfa8c900c4f01415ac63ca6589d2609f167fb,OUTSIDE,legal(android): bundle exact offline noncommercial license text in APK,android/app/src/main/assets/case_recomp_license.txt;tests/test_legal_publication.py,tests/test_legal_publication.py,preserve-policy-and-distribution,"Cambio legal/contacto/distribucion, no ajuste de compatibilidad del runtime.",existing-publication-checks
